timestamp,query,preferred,notes,rag_response,llm_response
2025-06-16T00:14:41,"Three-day trip from Madrid to Barcelona with my dog, focused on food",RAG-based,,"# Your Personalized Itinerary: A Culinary Journey from Madrid to Barcelona with your Furry Friend

---

## Day 1: Departure from Madrid
Embark on a scenic 6-hour-19-minute drive from Madrid to Barcelona. Remember to take breaks and enjoy the beautiful Spanish countryside.

---

## Day 2: Barcelona - City Tour & Food Exploration
Start your day with a city tour. Explore the vibrant streets of Barcelona, the Gothic Quarter, and the famous Sagrada Familia.

---

For lunch, visit **Family Diner**, known for its pet-friendly atmosphere and delicious local cuisine.

---

In the afternoon, take a stroll in one of Barcelona's many dog-friendly parks such as Parc de la Ciutadella.

---

As evening approaches, get a taste of Barcelona's nightlife at one of its pet-friendly bars, such as the cozy and comfortable ""Espai de Gats” - a cat-themed bar that welcomes dogs too!

---

## Day 3: Barcelona - Museums & More Culinary Delights
On your second day in the city, delve into Barcelona's rich history. Visit the Picasso Museum or the Barcelona History Museum, both of which allow small pets in carriers.

---

For lunch, try **Healthy Greens** for a light and nutritious meal.

---

In the evening, don't miss the chance to sample Barcelona's famous seafood dishes. Head to **Gourmet Bistro**, known for its exquisite seafood platter.

---

## Accommodation: 
For your stay, consider **Barcelona Inn**, **Barcelona Grand Hotel**, or **Barcelona Stay & Go**. All are pet-friendly and located conveniently close to the city center, making it easy for you to explore the city.

---

Enjoy your trip and the culinary delights that await you in Barcelona!

---

**Note:** Always remember to check the latest pet regulations of the places you plan to visit. Happy travels!","That sounds like a fantastic trip! Here's a dog-friendly, food-focused itinerary for you:

---

**Day 1: Madrid to Zaragoza**

---

Start your day with a hearty breakfast at ""Federal Café"" in Madrid which is known for its pet-friendly environment. Then, get on the road to Zaragoza, about 3 hours away. Once there, check out ""El Retiro"", a park where your furry friend can stretch their legs.

---

For lunch, visit ""La Piazzola"", known for its dog-friendly seating area and delicious tapas. After lunch, take a walk around the city center and then head to ""Terraza Cappuccino Grand Café"", a great place to relax with your dog and enjoy a cup of coffee.

---

In the evening, check into ""Hotel Catalonia El Pilar"", which welcomes pets. For dinner, try ""Restaurante Novodabo"", which offers a gourmet dining experience and allows dogs in their outdoor seating area.

---

**Day 2: Zaragoza to Barcelona**

---

After breakfast, continue on to Barcelona, about 3 hours away. Upon arrival, visit ""Parc de la Ciutadella"", a great place for a walk with your dog. For lunch, head to ""Can Margarit"", a traditional Catalan restaurant with a pet-friendly patio.

---

After lunch, explore the city's famous food markets like ""Mercat de Sant Josep de la Boqueria"" and ""Mercat de Sant Antoni"". These markets are an absolute feast for the senses, offering a wide array of fresh food and local delicacies.

---

In the evening, check into ""Hotel Condes de Barcelona"", known for its pet-friendly policies. For dinner, head to ""Restaurante Martinez"", where you can enjoy panoramic views of the city and sea while dining with your dog on the terrace.

---

**Day 3: Barcelona**

---

Start your last day with breakfast at ""Brunch & Cake"", famous for its unique and Instagram-worthy dishes. Then, take your dog for a walk along the beach at ""Nova Icaria Beach"", one of Barcelona's dog-friendly beaches.

---

For lunch, try ""El Jardí de L'àpat"", known for its delicious Catalan cuisine and dog-friendly outdoor seating. After lunch, take a stroll along ""Las Ramblas"", a vibrant pedestrian street, and explore ""Barri Gotic"", the Gothic Quarter.

---

Before leaving the city, make sure to visit ""Bosc de les Fades"
